feature,separability_score,class_overlap_score,variance,missing_ratio,stability_score,ks_train_val,ks_train_test,recommendation,impute_hint,scale_hint,log_hint,encode_hint
Flow IAT Std,0.124546208242313,0.8935813061514113,76896658053257.58,0.0,0.9982237089475801,0.0017762910524199427,0.0012894625870626397,drop,none,robust_scale,review_log_transform,numeric
Fwd Packets/s,0.11824197040857676,0.9818241539841776,12906916866.76101,0.0,0.9986481789157895,0.0013089110292423545,0.0013518210842105027,drop,none,robust_scale,review_log_transform,numeric
Fwd IAT Std,0.11781261662361131,0.9017428107850094,110842418983873.4,0.0,0.9985669893873247,0.0014330106126753117,0.0008606707428131521,drop,none,robust_scale,review_log_transform,numeric
Flow IAT Mean,0.1138477049313793,0.8906674768505021,23686860182654.785,0.0,0.9984749951687599,0.0015250048312400177,0.0013203331302051868,drop,none,robust_scale,review_log_transform,numeric
Flow Packets/s,0.11376093128266673,0.9703822943009973,15424921006.410688,0.0,0.9986620706602036,0.0013379293397963732,0.0013243463008136835,drop,none,robust_scale,review_log_transform,numeric
Idle Mean,0.10924671467757574,0.8971074650278636,664472858382042.1,0.0,0.9985676067981875,0.001432393201812543,0.0006877957012151326,drop,none,robust_scale,review_log_transform,numeric
Bwd Packets/s,0.10879556230539533,0.9747150346221297,907933691.6606541,0.0,0.9980891133794786,0.0019108866205214126,0.0012156819889520554,drop,none,robust_scale,review_log_transform,numeric
Idle Min,0.1087721097246912,0.8965684324485858,650853975963486.0,0.0,0.9985564934026562,0.0014435065973438244,0.0005655483503708147,drop,none,robust_scale,review_log_transform,numeric
Idle Max,0.10788070661778182,0.8918051520315868,706091438597967.4,0.0,0.9985280925029651,0.0014719074970348522,0.0007128008411605435,drop,none,robust_scale,review_log_transform,numeric
Fwd IAT Max,0.10220690581595004,0.9000709186117495,713828811417832.5,0.0,0.9984188107802406,0.0015811892197593602,0.000904815619506949,drop,none,robust_scale,review_log_transform,numeric
Fwd IAT Mean,0.10001085133652876,0.8997643746187419,108376617565821.78,0.0,0.9985182139291595,0.001481786070840485,0.001348116619033446,drop,none,robust_scale,review_log_transform,numeric
Flow Duration,0.0978225521117011,0.8962867215246839,1325911616455651.0,0.0,0.9983792964850182,0.0016207035149817806,0.0009156203096069016,drop,none,robust_scale,review_log_transform,numeric
Bwd Packet Length Std,0.09561172581627941,0.8774572110211644,832393.4753297062,0.0,0.9979872405871084,0.002012759412891585,0.0014706726753092036,drop,none,robust_scale,review_log_transform,numeric
Fwd IAT Total,0.09315812604825346,0.8958674458038501,1321977714316605.8,0.0,0.9986102081477242,0.0013897918522758346,0.0009597651863006984,drop,none,robust_scale,review_log_transform,numeric
Avg Packet Size,0.08708690919722906,0.8693669755662597,124407.35724353137,0.0,0.9979045075314864,0.0020954924685135934,0.0015453793897140522,drop,none,robust_scale,review_log_transform,numeric
Packet Length Max,0.08581070785405776,0.8693767544464256,4796399.150329764,0.0,0.9979582222765544,0.0020417777234456036,0.0011517799646470483,drop,none,robust_scale,review_log_transform,numeric
Packet Length Mean,0.08578376039511948,0.8699254898959022,106300.99069229275,0.0,0.9979168557487434,0.0020831442512565523,0.001178019926318219,drop,none,robust_scale,review_log_transform,numeric
Packet Length Variance,0.08492534188404788,0.8673168382156267,3252699899165.6978,0.0,0.9980329289909593,0.0019670710090406995,0.001117204956327389,drop,none,robust_scale,review_log_transform,numeric
Packet Length Std,0.0849253385846831,0.8670831604988687,465215.4444188625,0.0,0.9980329289909593,0.0019670710090406995,0.001117204956327389,drop,none,robust_scale,review_log_transform,numeric
Bwd Packet Length Min,0.08121170944531209,0.9408673106910727,5384.907053275528,0.0,0.9980137892542108,0.0019862107457891964,0.0005640048232136152,drop,none,robust_scale,review_log_transform,numeric
Active Max,0.08090551395037981,0.991094190351993,1257945287296.5764,0.0,0.9983620089808584,0.001637991019141638,0.0010758384285164402,drop,none,robust_scale,review_log_transform,numeric
Active Mean,0.08064249898919562,0.9887283121852256,497020565175.0296,0.0,0.9983601567482698,0.0016398432517301664,0.0011190571889160283,drop,none,robust_scale,review_log_transform,numeric
Active Min,0.08032442629994652,0.9891923902517734,391700129485.3911,0.0,0.9984743777578972,0.001525622242102842,0.0008152910443935957,drop,none,robust_scale,review_log_transform,numeric
Bwd IAT Max,0.07267156162171129,0.9683973927791769,353637890847914.9,0.0,0.9984786996339371,0.0015213003660629054,0.0011131917857190032,drop,none,robust_scale,review_log_transform,numeric
Bwd Packet Length Mean,0.07210554038264405,0.8794967354960047,424093.5532157463,0.0,0.998674727582892,0.001145297150587199,0.0013252724171080033,drop,none,robust_scale,review_log_transform,numeric
Avg Bwd Segment Size,0.07210554038264405,0.8794967354960047,424093.5532157463,0.0,0.998674727582892,0.001145297150587199,0.0013252724171080033,drop,none,robust_scale,review_log_transform,numeric
Bwd IAT Std,0.07207349805749597,0.9712879564115676,47479968456138.26,0.0,0.9983437953604043,0.0015589624286966863,0.0016562046395957042,drop,none,robust_scale,review_log_transform,numeric
Fwd Packet Length Min,0.07115715667515443,0.9304879017716428,4051.395326032966,0.0,0.9986342871713754,0.0013657128286246323,0.0008785756578357784,drop,none,robust_scale,review_log_transform,numeric
Flow Bytes/s,0.07076891141583075,0.9848263452465175,67141341559610.8,0.0,0.9989763327893945,0.0010236672106055389,0.0009906357294431345,drop,none,robust_scale,review_log_transform,numeric
Bwd IAT Mean,0.07016459377910134,0.9658038884069522,95614423206298.62,0.0,0.9984027580978065,0.001597241902193458,0.0010560812809052855,drop,none,robust_scale,review_log_transform,numeric
Packet Length Min,0.06972520054105591,0.9361154896189183,701.3215267487051,0.0,0.9981965428696146,0.001803457130385433,0.000920559596509607,drop,none,robust_scale,review_log_transform,numeric
Bwd IAT Total,0.06689284535164464,0.9622358447493482,982668561458458.0,0.0,0.9984015232760809,0.0015984767239191067,0.0010813951262821364,drop,none,robust_scale,review_log_transform,numeric
Bwd Packet Length Max,0.06623583768131813,0.8791013739653337,4434169.556451235,0.0,0.9982835978012764,0.001716402198723599,0.0009730395198519481,drop,none,robust_scale,review_log_transform,numeric
Fwd Seg Size Min,0.0633371188918952,0.9368027481596205,1145932146478.7725,0.0,0.9989877548903571,0.0008582010993617439,0.0010122451096429286,drop,none,robust_scale,review_log_transform,numeric
Subflow Bwd Bytes,0.05952110101244301,0.8678574542033741,7043870078676.7,0.0,0.9983391647789329,0.0016608352210670807,0.000805103765156634,drop,none,robust_scale,review_log_transform,numeric
Bwd Packets Length Total,0.05952110100285202,0.8678574542033741,7043983893250.811,0.0,0.9983391647789329,0.0016608352210670807,0.000805103765156634,drop,none,robust_scale,review_log_transform,numeric
Protocol,0.05947241637379397,0.9404116369249899,29.33558074090372,0.0,0.9990979627293759,0.0009020372706241009,3.550112461392363e-05,drop,none,robust_scale,review_log_transform,numeric
Total Fwd Packets,0.056906034994559374,0.8800955831605876,765901.5937606515,0.0,0.9980137892542109,0.0019862107457890854,0.0005547436602708622,drop,none,robust_scale,review_log_transform,numeric
Subflow Fwd Packets,0.056906034994559374,0.8800955831605876,765901.5937606515,0.0,0.9980137892542109,0.0019862107457890854,0.0005547436602708622,drop,none,robust_scale,review_log_transform,numeric
ACK Flag Count,0.05557009143955227,0.9444299085604477,0.2048688679893868,0.0,0.9989683064481774,0.0002519036320429713,0.0010316935518226433,drop,none,robust_scale,review_log_transform,numeric
Bwd IAT Min,0.05329968836569221,0.9956235515750892,84129247038485.94,0.0,0.9987537561733368,0.0009699524655376601,0.0012462438266631626,drop,none,robust_scale,review_log_transform,numeric
Fwd Header Length,0.0494806666282559,0.9125317302141596,78354196683257.08,0.0,0.9978952463685437,0.0021047536314563464,0.0006362418941671111,drop,none,robust_scale,review_log_transform,numeric
Flow IAT Min,0.043850346340983615,0.9649457444775769,9888891532910.666,0.0,0.9984527683776974,0.0015472316223026084,0.0005778965676278558,drop,none,robust_scale,review_log_transform,numeric
Fwd Packet Length Mean,0.0419107809171253,0.9602004280160233,40888.297830972166,0.0,0.9976223507671639,0.002377649232836121,0.0017843173936371581,drop,none,robust_scale,review_log_transform,numeric
Avg Fwd Segment Size,0.0419107809171253,0.9602004280160233,40888.297830972166,0.0,0.9976223507671639,0.002377649232836121,0.0017843173936371581,drop,none,robust_scale,review_log_transform,numeric
Total Backward Packets,0.04168753925082469,0.9086565313381983,1344506.8310197627,0.0,0.9983749746089783,0.0016250253910217172,0.0008730189600701377,drop,none,robust_scale,review_log_transform,numeric
Subflow Bwd Packets,0.04168753925082469,0.9086565313381983,1344506.8310197627,0.0,0.9983749746089783,0.0016250253910217172,0.0008730189600701377,drop,none,robust_scale,review_log_transform,numeric
Bwd Header Length,0.03807033335352594,0.9076900510951343,2253311175331.4033,0.0,0.9980761477513588,0.0019238522486412224,0.0005692528155479826,drop,none,robust_scale,review_log_transform,numeric
Fwd Packet Length Std,0.033813560782995467,0.9504064547867529,94704.50081727121,0.0,0.9971469444027692,0.0028530555972308136,0.0011851201512409482,drop,none,robust_scale,review_log_transform,numeric
Fwd Packet Length Max,0.026653709356000754,0.9156840803644506,616446.4995308563,0.0,0.9971160738596268,0.0028839261403732497,0.0013505862624847986,drop,none,robust_scale,review_log_transform,numeric
FIN Flag Count,0.02411257783113885,0.9758874221688613,0.0316485336413817,0.0,0.9998382383539333,0.00015805718088968135,0.00016176164606673815,drop,none,robust_scale,review_log_transform,numeric
Init Bwd Win Bytes,0.021935245566863326,0.9664106501386422,77120509.68836372,0.0,0.9980934352555186,0.001906564744481365,0.0014015226586699958,drop,none,robust_scale,review_log_transform,numeric
PSH Flag Count,0.019266831850848876,0.9807331681491513,0.19779350851969504,0.0,0.999126363629067,0.000873636370932962,0.0008520269907332789,drop,none,robust_scale,review_log_transform,numeric
Fwd Packets Length Total,0.018215490658535893,0.9255178888261176,51291053.03385637,0.0,0.9975291217268736,0.00247087827312642,0.0008742537817958418,drop,none,robust_scale,review_log_transform,numeric
Subflow Fwd Bytes,0.018215490658535893,0.9255178888261176,51291053.03385637,0.0,0.9975291217268736,0.00247087827312642,0.0008742537817958418,drop,none,robust_scale,review_log_transform,numeric
Fwd Act Data Packets,0.014185601401509373,0.9150955599914378,558825.7289614452,0.0,0.9987874050653621,0.0009915618457374542,0.0012125949346378784,drop,none,robust_scale,review_log_transform,numeric
Fwd IAT Min,0.012315078505788613,0.9894780795634357,89176935655172.88,0.0,0.9989812720762972,0.0009458734418865133,0.0010187279237028335,drop,none,robust_scale,review_log_transform,numeric
Down/Up Ratio,0.011906414939761412,0.9756726902545803,0.4964016668628744,0.0,0.9995678123960048,0.0004105782237953659,0.00043218760399516,drop,none,robust_scale,review_log_transform,numeric
URG Flag Count,0.011382239238668435,0.9886177607613317,0.08219804967874556,0.0,0.9995832476675761,4.507099298800554e-05,0.00041675233242388643,drop,none,robust_scale,review_log_transform,numeric
Init Fwd Win Bytes,0.008286135518972393,0.9250097914498482,219612004.06916985,0.0,0.9985114224096682,0.00148857759033183,0.0013089110292423545,drop,none,robust_scale,review_log_transform,numeric
Active Std,0.00812983533781686,0.9940326500791434,186954309565.3147,0.0,0.998573780906816,0.0014262190931839669,0.0008041776488624253,drop,none,robust_scale,review_log_transform,numeric
Idle Std,0.004694764609709967,0.9943478655417283,25918554035532.367,0.0,0.9984225152454177,0.0015774847545823034,0.000536838745248347,drop,none,robust_scale,review_log_transform,numeric
Fwd PSH Flags,0.0028720106998596506,0.9971279893001403,0.03687971675600041,0.0,0.9998555258580931,0.00014447414190688068,0.00011483842049020421,drop,none,robust_scale,review_log_transform,numeric
SYN Flag Count,0.0028720106998596506,0.9971279893001403,0.03687971675600041,0.0,0.9998555258580931,0.00014447414190688068,0.00011483842049020421,drop,none,robust_scale,review_log_transform,numeric
RST Flag Count,0.0001646324097202001,1.0,0.0002938012008124749,0.0,0.9999783906198002,2.160938019979408e-05,2.160938019968306e-06,drop,none,robust_scale,review_log_transform,numeric
ECE Flag Count,0.00016228903847403942,1.0,0.00029503529521587645,0.0,0.999979625441526,2.0374558474034465e-05,3.0870543141769957e-06,drop,none,robust_scale,review_log_transform,numeric
Fwd URG Flags,1.1551923972952238e-05,1.0,9.261077173613977e-06,0.0,0.9999962955348229,3.7044651770568038e-06,1.5435271570884979e-06,drop,none,robust_scale,review_log_transform,numeric
CWE Flag Count,1.1551923972952238e-05,1.0,9.261077173613977e-06,0.0,0.9999962955348229,3.7044651770568038e-06,1.5435271570884979e-06,drop,none,robust_scale,review_log_transform,numeric
Flow IAT Max,0.11015369656126417,0.8465129696761333,708969099613095.4,0.0,0.9981977776913402,0.0018022223086597844,0.000910989728135525,review,none,robust_scale,review_log_transform,numeric
